Part Name,Manufacturer Part Number:,Year,Make,Model,Fuel type,Body type,kW,HP,Engine capacity
2010 Alfa Romeo Giulietta Complete Clutch Kit,,2010,Alfa Romeo,Giulietta,Petrol,Hatchback,,116,1.4 (1368cm³)
1999 Alfa Romeo 166 Rear Seat Belt 043146,043146,1999,Alfa Romeo,166,Petrol,Saloon,166,226,3.0 (2959cm³)
2011 Alfa Romeo Giulietta Throttle Body 55229467,55229467,2011,Alfa Romeo,Giulietta,Diesel,Hatchback,125,170,2.0 (1956cm³)
2010 Alfa Romeo MiTo Front Driveshaft 55700559,55700559,2010,Alfa Romeo,MiTo,Petrol,Hatchback,,,1.4 (1368cm³)
1999 Alfa Romeo 166 Rear Door Exterior Handle,,1999,Alfa Romeo,166,Petrol,Saloon,166,226,3.0 (2959cm³)
2010 Alfa Romeo MiTo Front Brake Caliper,,2010,Alfa Romeo,MiTo,Diesel,Hatchback,,120,1.6 (1598cm³)
2007 Alfa Romeo Brera EGR Valve 46823850,46823850,2007,Alfa Romeo,Brera,Diesel,Hatchback,154,210,2.4 (2387cm³)
2004 Alfa Romeo 147 Headlight Level Height Adjustment Switch Button 735304164,735304164,2004,Alfa Romeo,147,Diesel,Hatchback,,115,1.9 (1910cm³)
2011 Alfa Romeo Giulietta Rear Roof Reading Light 156091941,156091941,2011,Alfa Romeo,Giulietta,Diesel,Hatchback,125,170,2.0 (1956cm³)
2001 Alfa Romeo Spider Ignition Coil 1227030071,1227030071,2001,Alfa Romeo,Spider,Petrol,Convertible,110,150,2.0 (1970cm³)
2011 Alfa Romeo Giulietta Rear Subframe,,2011,Alfa Romeo,Giulietta,Diesel,Hatchback,125,170,2.0 (1956cm³)
2007 Alfa Romeo 159 Steering Wheel Air SRS Bag 156061211,156061211,2007,Alfa Romeo,159,Diesel,Saloon,,115,1.9 (1910cm³)
2009 Alfa Romeo MiTo Fuel Tank Cap Lock 039491829,039491829,2009,Alfa Romeo,MiTo,Petrol,Hatchback,,,1.4 (1368cm³)
2006 Alfa Romeo 159 EGR Valve 722946330,722946330,2006,Alfa Romeo,159,Diesel,Saloon,,120,1.9 (1910cm³)
2001 Alfa Romeo 145 Wheel Center Cap Hub Trim Cover -,-,2001,Alfa Romeo,145,Petrol,Hatchback,110,150,2.0 (1970cm³)
2010 Alfa Romeo MiTo Engine Control Module Unit 51865263,51865263,2010,Alfa Romeo,MiTo,Diesel,Hatchback,,120,1.6 (1598cm³)
2000 Alfa Romeo 156 Power Steering Pump 26064414-FJ,26064414-FJ,2000,Alfa Romeo,156,Diesel,Saloon,,105,1.9 (1910cm³)
2007 Alfa Romeo 147 Hands Free Microphone 000051473A,000051473A,2007,Alfa Romeo,147,Diesel,Hatchback,,120,1.9 (1910cm³)
2010 Alfa Romeo MiTo Rear Seat Belt Buckle 156080955,156080955,2010,Alfa Romeo,MiTo,Petrol,Hatchback,,,1.4 (1368cm³)
2001 Alfa Romeo Spider A/C Air Conditioning Compressor Pump 60653652,60653652,2001,Alfa Romeo,Spider,Petrol,Convertible,110,150,2.0 (1970cm³)
2012 Alfa Romeo Giulietta Master Brake Cylinder 3508-9052,3508-9052,2012,Alfa Romeo,Giulietta,Diesel,Hatchback,125,170,2.0 (1956cm³)
2009 Alfa Romeo MiTo Complete Clutch Kit 46470371,46470371,2009,Alfa Romeo,MiTo,Petrol,Hatchback,,,1.4 (1368cm³)
2011 Alfa Romeo Giulietta Rear Door Lock 50509887,50509887,2011,Alfa Romeo,Giulietta,Diesel,Hatchback,125,170,2.0 (1956cm³)
2005 Alfa Romeo 147 Air Intake Manifold,,2005,Alfa Romeo,147,Petrol,Hatchback,110,150,2.0 (1970cm³)
2004 Alfa Romeo 147 Starter Motor Wiring Loom 51730099,51730099,2004,Alfa Romeo,147,Petrol,Hatchback,110,150,2.0 (1970cm³)
1999 Alfa Romeo 166 Front Seat Belt 043087,043087,1999,Alfa Romeo,166,Petrol,Saloon,166,226,3.0 (2959cm³)
2006 Alfa Romeo 159 Dismantling cars 939A3.000,939A3.000,2006,Alfa Romeo,159,Diesel,Saloon,,,
2011 Alfa Romeo Giulietta Ultrasonic Sensor 1560960650,1560960650,2011,Alfa Romeo,Giulietta,Diesel,Hatchback,125,170,2.0 (1956cm³)
2010 Alfa Romeo MiTo Front Seat Belt 618744800,618744800,2010,Alfa Romeo,MiTo,Diesel,Hatchback,,120,1.6 (1598cm³)
2005 Alfa Romeo 147 Ignition Coil 1227030071,1227030071,2005,Alfa Romeo,147,Petrol,Hatchback,121,165,2.0 (1970cm³)
2007 Alfa Romeo Brera Rear Brake Caliper,,2007,Alfa Romeo,Brera,Diesel,Hatchback,154,210,2.4 (2387cm³)
2010 Alfa Romeo MiTo Electric Window Control Switch Button B569,B569,2010,Alfa Romeo,MiTo,Diesel,Hatchback,,120,1.6 (1598cm³)
2012 Alfa Romeo Giulietta Rear Upper Control Arm Wishbone,,2012,Alfa Romeo,Giulietta,Diesel,Hatchback,125,170,2.0 (1956cm³)
2008 Alfa Romeo 147 Dismantling cars 937A2.000,937A2.000,2008,Alfa Romeo,147,Diesel,Hatchback,,,
2011 Alfa Romeo Giulietta Electric Window Control Switch Button 156094790,156094790,2011,Alfa Romeo,Giulietta,Diesel,Hatchback,125,170,2.0 (1956cm³)
2011 Alfa Romeo Giulietta Ignition Lock Barrel 61141100,61141100,2011,Alfa Romeo,Giulietta,Diesel,Hatchback,125,170,2.0 (1956cm³)
2011 Alfa Romeo Giulietta Rear Door Exterior Handle 22709,22709,2011,Alfa Romeo,Giulietta,Diesel,Hatchback,125,170,2.0 (1956cm³)
2009 Alfa Romeo MiTo Tow Hook Eye Ring -,-,2009,Alfa Romeo,MiTo,Petrol,Hatchback,,,1.4 (1368cm³)
2006 Alfa Romeo 159 Crankshaft Pulley -,-,2006,Alfa Romeo,159,Diesel,Saloon,147,200,2.4 (2387cm³)
2011 Alfa Romeo Giulietta Rear Door Window Regulator Motor 1060735,1060735,2011,Alfa Romeo,Giulietta,Diesel,Hatchback,125,170,2.0 (1956cm³)
2007 Alfa Romeo 159 Air SRS Safety Bag Crash Impact Sensor 6069780513470893,6069780513470893,2007,Alfa Romeo,159,Petrol,Saloon,118,160,1.9 (1859cm³)
2007 Alfa Romeo Brera Engine Mount -,-,2007,Alfa Romeo,Brera,Diesel,Hatchback,154,210,2.4 (2387cm³)
2013 Alfa Romeo MiTo Dismantling cars 199B4.000,199B4.000,2013,Alfa Romeo,MiTo,Diesel,Hatchback,,,
2008 Alfa Romeo 147 Dashboard Side Air Vent Grill 225495,225495,2008,Alfa Romeo,147,Diesel,Hatchback,,115,1.9 (1910cm³)
2002 Alfa Romeo 156 Immobilizer Control Module Unit 60673131,60673131,2002,Alfa Romeo,156,Diesel,Saloon,110,150,1.9 (1910cm³)
2011 Alfa Romeo Giulietta Rear Bumper Holder Mounting Bracket 50513488,50513488,2011,Alfa Romeo,Giulietta,Diesel,Hatchback,125,170,2.0 (1956cm³)
2006 Alfa Romeo 159 Dismantling cars 939A1.000,939A1.000,2006,Alfa Romeo,159,Diesel,Saloon,,,
2009 Alfa Romeo MiTo Tailgate Boot Lid,,2009,Alfa Romeo,MiTo,Petrol,Hatchback,,,1.4 (1368cm³)
2011 Alfa Romeo Giulietta Glow Plug Relay 55203394,55203394,2011,Alfa Romeo,Giulietta,Diesel,Hatchback,125,170,2.0 (1956cm³)
2009 Alfa Romeo MiTo Ignition Coil CE20056,CE20056,2009,Alfa Romeo,MiTo,Petrol,Hatchback,,,1.4 (1368cm³)
2007 Alfa Romeo Brera Dismantling cars 939A3.000,939A3.000,2007,Alfa Romeo,Brera,Diesel,Hatchback,147,200,2.4 (2387cm³)
2012 Alfa Romeo Giulietta Accelerator Throttle Pedal 518346050,518346050,2012,Alfa Romeo,Giulietta,Diesel,Hatchback,125,170,2.0 (1956cm³)
1999 Alfa Romeo 166 Rear Door Exterior Handle,,1999,Alfa Romeo,166,Petrol,Saloon,166,226,3.0 (2959cm³)
2004 Alfa Romeo GT Air SRS Bag Control Module Unit 5WK43444,5WK43444,2004,Alfa Romeo,GT,Petrol,Coupe,121,165,2.0 (1970cm³)
2004 Alfa Romeo GT Fuse Relay Control Module Unit 51742419,51742419,2004,Alfa Romeo,GT,Petrol,Coupe,121,165,2.0 (1970cm³)
1999 Alfa Romeo 166 Rear Seat Belt 044047,044047,1999,Alfa Romeo,166,Petrol,Saloon,166,226,3.0 (2959cm³)
2010 Alfa Romeo MiTo Rear Seat Belt 615904100,615904100,2010,Alfa Romeo,MiTo,Diesel,Hatchback,,120,1.6 (1598cm³)
2005 Alfa Romeo 147 Other Engine Part,,2005,Alfa Romeo,147,Petrol,Hatchback,110,150,2.0 (1970cm³)
1999 Alfa Romeo 166 Steering Wheel Air SRS Bag 1560179990,1560179990,1999,Alfa Romeo,166,Petrol,Saloon,166,226,3.0 (2959cm³)
1999 Alfa Romeo 166 Front Seat Belt 043087,043087,1999,Alfa Romeo,166,Petrol,Saloon,166,226,3.0 (2959cm³)
1999 Alfa Romeo 166 Front Door Window Regulator Motor,,1999,Alfa Romeo,166,Petrol,Saloon,166,226,3.0 (2959cm³)
2011 Alfa Romeo Giulietta Engine Connecting Rod Conrod,,2011,Alfa Romeo,Giulietta,Diesel,Hatchback,125,170,2.0 (1956cm³)
2011 Alfa Romeo Giulietta Rear Door Exterior Handle 242708,242708,2011,Alfa Romeo,Giulietta,Diesel,Hatchback,125,170,2.0 (1956cm³)
2006 Alfa Romeo 159 Air SRS Bag Control Module Unit 50507543,50507543,2006,Alfa Romeo,159,Diesel,Saloon,,115,1.9 (1910cm³)
2007 Alfa Romeo 159 Dismantling cars 939A6.000,939A6.000,2007,Alfa Romeo,159,Petrol,Saloon,118,160,1.9 (1859cm³)
2011 Alfa Romeo Giulietta Headlight Level Height Adjustment Switch Button 156088499,156088499,2011,Alfa Romeo,Giulietta,Diesel,Hatchback,125,170,2.0 (1956cm³)
2011 Alfa Romeo Giulietta Exhaust Gas Pressure Sensor 55227306,55227306,2011,Alfa Romeo,Giulietta,Diesel,Hatchback,125,170,2.0 (1956cm³)
2009 Alfa Romeo MiTo Crankshaft Pulley -,-,2009,Alfa Romeo,MiTo,Petrol,Hatchback,,,1.4 (1368cm³)
2004 Alfa Romeo 147 EGR Valve 50109013,50109013,2004,Alfa Romeo,147,Diesel,Hatchback,103,140,1.9 (1910cm³)
2010 Alfa Romeo MiTo Other Control Module Unit 86262040,86262040,2010,Alfa Romeo,MiTo,Petrol,Hatchback,,,1.4 (1368cm³)
2012 Alfa Romeo Giulietta Engine Block 940A4000,940A4000,2012,Alfa Romeo,Giulietta,Diesel,Hatchback,125,170,2.0 (1956cm³)
2005 Alfa Romeo 147 Crankshaft Pulley 390-440,390-440,2005,Alfa Romeo,147,Petrol,Hatchback,110,150,2.0 (1970cm³)
2010 Alfa Romeo MiTo Climate Control Module Unit 5.L08.000.70,5.L08.000.70,2010,Alfa Romeo,MiTo,Petrol,Hatchback,,,1.4 (1368cm³)
2007 Alfa Romeo 147 Dismantling cars 937A3.000,937A3.000,2007,Alfa Romeo,147,Diesel,Hatchback,,120,1.9 (1910cm³)
2012 Alfa Romeo Giulietta Rear Upper Control Arm Wishbone,,2012,Alfa Romeo,Giulietta,Diesel,Hatchback,125,170,2.0 (1956cm³)
2011 Alfa Romeo Giulietta Tow Hook Eye Ring --,--,2011,Alfa Romeo,Giulietta,Diesel,Hatchback,125,170,2.0 (1956cm³)
2007 Alfa Romeo 159 ESP Acceleration Yaw Rate Sensor 51748607,51748607,2007,Alfa Romeo,159,Petrol,Saloon,118,160,1.9 (1859cm³)
2012 Alfa Romeo Giulietta Rear Wheel Bearing Hub,,2012,Alfa Romeo,Giulietta,Diesel,Hatchback,125,170,2.0 (1956cm³)
2005 Alfa Romeo 147 A/C Air Conditioning Compressor Pump 60653652,60653652,2005,Alfa Romeo,147,Petrol,Hatchback,110,150,2.0 (1970cm³)
2010 Alfa Romeo MiTo Headlight Light Controller Switch Button B569,B569,2010,Alfa Romeo,MiTo,Petrol,Hatchback,,,1.4 (1368cm³)
2004 General Motors Alfa Romeo 156 Throttle Body 46817373,46817373,2004,Alfa Romeo,156,Diesel,Estate,120,163,2.4 (2387cm³)
2008 Alfa Romeo 159 Front Door Electric Window Regulator RA2266,RA2266,2008,Alfa Romeo,159,Diesel,Estate,110,150,1.9 (1910cm³)
2005 Alfa Romeo 147 Other Engine Part,,2005,Alfa Romeo,147,Petrol,Hatchback,110,150,2.0 (1970cm³)
2011 Alfa Romeo Giulietta Front Roof Reading Light 735244965,735244965,2011,Alfa Romeo,Giulietta,Diesel,Hatchback,125,170,2.0 (1956cm³)
2008 Alfa Romeo 159 Dismantling cars 939A3.000,939A3.000,2008,Alfa Romeo,159,Diesel,Saloon,147,200,2.4 (2387cm³)
2004 Alfa Romeo 147 Dismantling cars 182B9.000,182B9.000,2004,Alfa Romeo,147,Diesel,Hatchback,,101,1.9 (1910cm³)
2012 Alfa Romeo Giulietta Other Switch Button 156091264,156091264,2012,Alfa Romeo,Giulietta,Diesel,Hatchback,125,170,2.0 (1956cm³)
2007 Alfa Romeo 147 Headlight Dust Trim Cover 89004031,89004031,2007,Alfa Romeo,147,Diesel,Hatchback,,120,1.9 (1910cm³)
2012 Alfa Romeo Giulietta Dashboard Display Screen 156086344,156086344,2012,Alfa Romeo,Giulietta,Diesel,Hatchback,125,170,2.0 (1956cm³)
2010 Alfa Romeo MiTo Other Switch Button 156078266,156078266,2010,Alfa Romeo,MiTo,Diesel,Hatchback,,120,1.6 (1598cm³)
2016 Alfa Romeo Giulietta Engine Knock Sensor 0261231273,0261231273,2016,Alfa Romeo,Giulietta,Petrol,Hatchback,,116,1.4 (1368cm³)
2005 Alfa Romeo 147 Complete Clutch Kit 60603810,60603810,2005,Alfa Romeo,147,Petrol,Hatchback,110,150,2.0 (1970cm³)
2010 Alfa Romeo MiTo Front Door,,2010,Alfa Romeo,MiTo,Petrol,Hatchback,,,1.4 (1368cm³)
2011 Alfa Romeo Giulietta Front Bonnet Hood Hinge -,-,2011,Alfa Romeo,Giulietta,Diesel,Hatchback,125,170,2.0 (1956cm³)
2006 Alfa Romeo 159 Engine Piston With Connecting Rod,,2006,Alfa Romeo,159,Diesel,Saloon,,120,1.9 (1910cm³)
2011 Alfa Romeo Giulietta Front Subframe,,2011,Alfa Romeo,Giulietta,Diesel,Hatchback,125,170,2.0 (1956cm³)
1999 Alfa Romeo 166 Rear Seat Belt Buckle 260199,260199,1999,Alfa Romeo,166,Petrol,Saloon,166,226,3.0 (2959cm³)
2007 Alfa Romeo 159 Passenger Air SRS Bag 30358150C,30358150C,2007,Alfa Romeo,159,Diesel,Saloon,,115,1.9 (1910cm³)
2010 Alfa Romeo MiTo Gear Shift Paddle Switch Button 156091264,156091264,2010,Alfa Romeo,MiTo,Petrol,Hatchback,,,1.4 (1368cm³)
2007 Alfa Romeo Brera Rear Brake Caliper,,2007,Alfa Romeo,Brera,Diesel,Hatchback,154,210,2.4 (2387cm³)
1999 Alfa Romeo 166 Rear Seat Belt 044047,044047,1999,Alfa Romeo,166,Petrol,Saloon,166,226,3.0 (2959cm³)
1999 Alfa Romeo 166 Rear Seat Belt Buckle 111298,111298,1999,Alfa Romeo,166,Petrol,Saloon,166,226,3.0 (2959cm³)
1997 Alfa Romeo 155 Dismantling cars AR67203,AR67203,1997,Alfa Romeo,155,Petrol,Saloon,137,186,2.0 (1995cm³)
2004 Alfa Romeo 156 Brake Vacuum Pump 46771105,46771105,2004,Alfa Romeo,156,Diesel,Estate,120,163,2.4 (2387cm³)
2001 Alfa Romeo 147 Headlight Level Height Adjustment Switch Button 735304164,735304164,2001,Alfa Romeo,147,Petrol,Hatchback,110,150,2.0 (1970cm³)
2008 Alfa Romeo 159 Front Brake Caliper,,2008,Alfa Romeo,159,Diesel,Estate,110,150,1.9 (1910cm³)
2007 Alfa Romeo 147 A/C Air Conditioning Compressor Pump 447220-8645,447220-8645,2007,Alfa Romeo,147,Diesel,Hatchback,,120,1.9 (1910cm³)
2003 Alfa Romeo 147 Engine Control Module Unit 55189421,55189421,2003,Alfa Romeo,147,Diesel,Hatchback,,115,1.9 (1910cm³)
2001 Alfa Romeo Spider 5 Speed Manual Gearbox,,2001,Alfa Romeo,Spider,Petrol,Convertible,110,150,2.0 (1970cm³)
1999 Alfa Romeo 166 Rear Door Opening Interior Handle,,1999,Alfa Romeo,166,Petrol,Saloon,166,226,3.0 (2959cm³)
2006 Alfa Romeo 159 Gear Selector Shifter In Gearbox 550506,550506,2006,Alfa Romeo,159,Diesel,Saloon,147,200,2.4 (2387cm³)
2004 Alfa Romeo 156 Tailgate Boot Lid Lock 65005900,65005900,2004,Alfa Romeo,156,Diesel,Saloon,110,150,2.4 (2387cm³)
2005 Alfa Romeo 156 Dismantling cars 841G.000,841G.000,2005,Alfa Romeo,156,Diesel,Saloon,129,175,2.4 (2387cm³)
2011 Alfa Romeo Giulietta Front Door Window Regulator Motor 72019003,72019003,2011,Alfa Romeo,Giulietta,Diesel,Hatchback,125,170,2.0 (1956cm³)
2007 Alfa Romeo Brera Accelerator Throttle Pedal 60695130,60695130,2007,Alfa Romeo,Brera,Diesel,Hatchback,154,210,2.4 (2387cm³)
2010 Alfa Romeo MiTo Front Door,,2010,Alfa Romeo,MiTo,Diesel,Hatchback,,120,1.6 (1598cm³)
2006 Alfa Romeo 159 Engine Piston With Connecting Rod,,2006,Alfa Romeo,159,Diesel,Saloon,,120,1.9 (1910cm³)
2010 Alfa Romeo MiTo Seat Belt Warning Indicator Relay 50514495,50514495,2010,Alfa Romeo,MiTo,Petrol,Hatchback,,,1.4 (1368cm³)
2007 Alfa Romeo 159 Comfort Convenience Control Module Unit 60688447,60688447,2007,Alfa Romeo,159,Diesel,Saloon,,115,1.9 (1910cm³)
2006 Alfa Romeo 159 Engine Camshaft,,2006,Alfa Romeo,159,Diesel,Saloon,147,200,2.4 (2387cm³)
2012 Alfa Romeo Giulietta Interior Heater Radiator N103789T-D,N103789T-D,2012,Alfa Romeo,Giulietta,Diesel,Hatchback,125,170,2.0 (1956cm³)
2007 Alfa Romeo Brera Brake Servo Booster With Master Cylinder 51782124,51782124,2007,Alfa Romeo,Brera,Diesel,Hatchback,154,210,2.4 (2387cm³)
2005 Alfa Romeo GT Dismantling cars 937A5.000,937A5.000,2005,Alfa Romeo,GT,Diesel,Coupe,110,150,1.9 (1910cm³)
2006 Alfa Romeo 159 Crankshaft Pulley 55217328,55217328,2006,Alfa Romeo,159,Diesel,Saloon,147,200,2.4 (2387cm³)
1999 Alfa Romeo 166 Front Door Exterior Handle,,1999,Alfa Romeo,166,Petrol,Saloon,166,226,3.0 (2959cm³)
2006 Alfa Romeo 159 Engine Piston -,-,2006,Alfa Romeo,159,Diesel,Saloon,147,200,2.4 (2387cm³)
2012 Alfa Romeo Giulietta Engine Piston With Connecting Rod 68127,68127,2012,Alfa Romeo,Giulietta,Diesel,Hatchback,125,170,2.0 (1956cm³)
2009 Alfa Romeo MiTo Fuel Tank Filler Cap Flap Lid Cover B632,B632,2009,Alfa Romeo,MiTo,Petrol,Hatchback,,,1.4 (1368cm³)
2008 Alfa Romeo 147 Engine Control Module Unit 55189421,55189421,2008,Alfa Romeo,147,Diesel,Hatchback,,115,1.9 (1910cm³)
1999 Alfa Romeo 166 Rear Seat Belt Buckle 260199,260199,1999,Alfa Romeo,166,Petrol,Saloon,166,226,3.0 (2959cm³)
2004 Alfa Romeo 156 EGR Valve 7.22946.15,7.22946.15,2004,Alfa Romeo,156,Diesel,Saloon,110,150,1.9 (1910cm³)
2004 Alfa Romeo 156 Brake Vacuum Pump 46771105,46771105,2004,Alfa Romeo,156,Diesel,Saloon,110,150,1.9 (1910cm³)
2007 Alfa Romeo 147 A/C Air Conditioning Compressor Pump 447220-8644,447220-8644,2007,Alfa Romeo,147,Diesel,Hatchback,110,150,1.9 (1910cm³)
2006 Alfa Romeo 159 Engine Connecting Rod Conrod 68127,68127,2006,Alfa Romeo,159,Diesel,Saloon,147,200,2.4 (2387cm³)
2010 Alfa Romeo MiTo Exhaust Pressure Sensor 55200301,55200301,2010,Alfa Romeo,MiTo,Diesel,Hatchback,,120,1.6 (1598cm³)
1999 Alfa Romeo 166 Headlight Dust Trim Cover 60955960,60955960,1999,Alfa Romeo,166,Petrol,Saloon,166,226,3.0 (2959cm³)
2011 Alfa Romeo Giulietta Tailgate Gas Strut 50509830,50509830,2011,Alfa Romeo,Giulietta,Diesel,Hatchback,125,170,2.0 (1956cm³)
2006 Alfa Romeo 159 Engine Piston With Connecting Rod,,2006,Alfa Romeo,159,Diesel,Saloon,,120,1.9 (1910cm³)
2007 Alfa Romeo 147 Radio CD Player Head Unit 7646695316,7646695316,2007,Alfa Romeo,147,Diesel,Hatchback,,120,1.9 (1910cm³)
2007 Alfa Romeo Brera ABS Brake Pump 15314113,15314113,2007,Alfa Romeo,Brera,Diesel,Hatchback,154,210,2.4 (2387cm³)
2010 Alfa Romeo MiTo Accelerator Throttle Pedal 55702021,55702021,2010,Alfa Romeo,MiTo,Diesel,Hatchback,,120,1.6 (1598cm³)
2010 Alfa Romeo MiTo Headlight Light Controller Switch Button B569,B569,2010,Alfa Romeo,MiTo,Diesel,Hatchback,,120,1.6 (1598cm³)
2004 Alfa Romeo GT Knee Air SRS Bag 46773571,46773571,2004,Alfa Romeo,GT,Petrol,Coupe,121,165,2.0 (1970cm³)
2008 Alfa Romeo 159 Fuse Relay Control Module Unit 50510968,50510968,2008,Alfa Romeo,159,Diesel,Estate,110,150,1.9 (1910cm³)
2008 Alfa Romeo 159 Engine Control Module Unit 51800443,51800443,2008,Alfa Romeo,159,Diesel,Saloon,147,200,2.4 (2387cm³)
2010 Alfa Romeo MiTo Hazard Warning Light Switch B569,B569,2010,Alfa Romeo,MiTo,Petrol,Hatchback,,,1.4 (1368cm³)
2009 Alfa Romeo MiTo Engine Oil Pump 55222361,55222361,2009,Alfa Romeo,MiTo,Petrol,Hatchback,,,1.4 (1368cm³)
2012 Alfa Romeo Giulietta Rear Upper Control Arm Wishbone,,2012,Alfa Romeo,Giulietta,Diesel,Hatchback,125,170,2.0 (1956cm³)
2012 Alfa Romeo Giulietta Glow Plug Relay 55203394,55203394,2012,Alfa Romeo,Giulietta,Diesel,Hatchback,125,170,2.0 (1956cm³)
2011 Alfa Romeo Giulietta Engine Connecting Rod Conrod,,2011,Alfa Romeo,Giulietta,Diesel,Hatchback,125,170,2.0 (1956cm³)
2007 Alfa Romeo 147 Mechanical Throttle Body 46823851,46823851,2007,Alfa Romeo,147,Diesel,Hatchback,110,150,1.9 (1910cm³)
2009 Alfa Romeo MiTo Crankshaft Position Sensor 0261210238,0261210238,2009,Alfa Romeo,MiTo,Petrol,Hatchback,,,1.4 (1368cm³)
1999 Alfa Romeo 166 Tailgate Boot Lid,,1999,Alfa Romeo,166,Petrol,Saloon,166,226,3.0 (2959cm³)
2011 Alfa Romeo Giulietta Rear Door Lock 50509886,50509886,2011,Alfa Romeo,Giulietta,Diesel,Hatchback,125,170,2.0 (1956cm³)
2009 Alfa Romeo MiTo Master Brake Cylinder 0204Y24818,0204Y24818,2009,Alfa Romeo,MiTo,Petrol,Hatchback,,,1.4 (1368cm³)
2007 Alfa Romeo 147 A/C Air Conditioning Compressor Pump 447220-8645,447220-8645,2007,Alfa Romeo,147,Diesel,Hatchback,110,150,1.9 (1910cm³)
2009 Alfa Romeo MiTo Front Driveshaft 55700559,55700559,2009,Alfa Romeo,MiTo,Petrol,Hatchback,,,1.4 (1368cm³)
1999 Alfa Romeo 166 Air SRS Bag Slip Squib SRS Ring -,-,1999,Alfa Romeo,166,Petrol,Saloon,166,226,3.0 (2959cm³)
2007 Alfa Romeo 147 Steering Wheel Air SRS Bag 735289920,735289920,2007,Alfa Romeo,147,Diesel,Hatchback,,120,1.9 (1910cm³)
2012 Alfa Romeo Giulietta Front Bumper Shock Impact Absorber 51811234SX,51811234SX,2012,Alfa Romeo,Giulietta,Diesel,Hatchback,125,170,2.0 (1956cm³)
2001 Alfa Romeo Spider Crankshaft Pulley,,2001,Alfa Romeo,Spider,Petrol,Convertible,110,150,2.0 (1970cm³)
2006 Alfa Romeo 159 Engine Piston -,-,2006,Alfa Romeo,159,Diesel,Saloon,147,200,2.4 (2387cm³)
2011 Alfa Romeo Giulietta Front Quarter Panel,,2011,Alfa Romeo,Giulietta,Diesel,Hatchback,125,170,2.0 (1956cm³)
2003 Alfa Romeo 166 Engine Head 46437268,46437268,2003,Alfa Romeo,166,Diesel,Saloon,103,140,2.4 (2387cm³)
2010 Alfa Romeo MiTo Wheel Center Cap Hub Trim Cover -,-,2010,Alfa Romeo,MiTo,Petrol,Hatchback,,,1.4 (1368cm³)
2012 Alfa Romeo Giulietta Front Subframe,,2012,Alfa Romeo,Giulietta,Diesel,Hatchback,125,170,2.0 (1956cm³)
2007 Alfa Romeo 159 Speedometer Instrument Cluster 60696628,60696628,2007,Alfa Romeo,159,Diesel,Saloon,,115,1.9 (1910cm³)
2004 Alfa Romeo 156 Dismantling cars 937A5.000,937A5.000,2004,Alfa Romeo,156,Diesel,Saloon,110,150,1.9 (1910cm³)
2004 Alfa Romeo 147 Dismantling cars 937A2.000,937A2.000,2004,Alfa Romeo,147,Diesel,Hatchback,,115,1.9 (1910cm³)
2010 Alfa Romeo MiTo Front Driveshaft,,2010,Alfa Romeo,MiTo,Petrol,Hatchback,,,1.4 (1368cm³)
1999 Alfa Romeo 166 Air SRS Safety Bag Crash Impact Sensor 50525909,50525909,1999,Alfa Romeo,166,Petrol,Saloon,166,226,3.0 (2959cm³)
2008 Alfa Romeo Brera Dismantling cars 939A9.000,939A9.000,2008,Alfa Romeo,Brera,Diesel,Hatchback,154,210,2.4 (2387cm³)
2007 Alfa Romeo 159 Front Seat Belt Buckle 184838960,184838960,2007,Alfa Romeo,159,Diesel,Saloon,,115,1.9 (1910cm³)
2004 Alfa Romeo GT Passenger Air SRS Bag 46748661,46748661,2004,Alfa Romeo,GT,Petrol,Coupe,121,165,2.0 (1970cm³)
2011 Alfa Romeo Giulietta Rear Bumper Holder Mounting Bracket 50513486,50513486,2011,Alfa Romeo,Giulietta,Diesel,Hatchback,125,170,2.0 (1956cm³)
2006 Alfa Romeo 159 Engine Piston -,-,2006,Alfa Romeo,159,Diesel,Saloon,147,200,2.4 (2387cm³)
2001 Alfa Romeo Spider Front Driveshaft,,2001,Alfa Romeo,Spider,Petrol,Convertible,110,150,2.0 (1970cm³)
2007 Alfa Romeo 147 Front Seat Belt,,2007,Alfa Romeo,147,Diesel,Hatchback,,120,1.9 (1910cm³)
2009 Alfa Romeo MiTo Ignition Lock Barrel With Key Remote 01098401,01098401,2009,Alfa Romeo,MiTo,Petrol,Hatchback,,,1.4 (1368cm³)
2010 Alfa Romeo MiTo Master Brake Cylinder,,2010,Alfa Romeo,MiTo,Diesel,Hatchback,,120,1.6 (1598cm³)
2000 Alfa Romeo 156 Dashboard Display Screen 1560167770,1560167770,2000,Alfa Romeo,156,Petrol,Saloon,140,190,2.5 (2492cm³)
2006 Alfa Romeo 147 Dismantling cars 937A3.000,937A3.000,2006,Alfa Romeo,147,Diesel,Hatchback,,120,1.9 (1910cm³)
2010 Alfa Romeo MiTo Front Door,,2010,Alfa Romeo,MiTo,Diesel,Hatchback,,120,1.6 (1598cm³)
2005 Alfa Romeo 147 Ignition Coil 1227030071,1227030071,2005,Alfa Romeo,147,Petrol,Hatchback,121,165,2.0 (1970cm³)
2013 Alfa Romeo MiTo Air Intake Manifold 0280611069,0280611069,2013,Alfa Romeo,MiTo,Petrol,Hatchback,,,1.4 (1368cm³)
2011 Alfa Romeo Giulietta Engine Connecting Rod Conrod,,2011,Alfa Romeo,Giulietta,Diesel,Hatchback,125,170,2.0 (1956cm³)
2007 Alfa Romeo 159 Crankshaft Pulley WGR21,WGR21,2007,Alfa Romeo,159,Diesel,Saloon,,120,1.9 (1910cm³)
2007 Alfa Romeo 147 Engine Mounting Bracket 55203509,55203509,2007,Alfa Romeo,147,Diesel,Hatchback,,120,1.9 (1910cm³)
2005 Alfa Romeo 147 Ignition Coil 1227030071,1227030071,2005,Alfa Romeo,147,Petrol,Hatchback,121,165,2.0 (1970cm³)
2010 Alfa Romeo MiTo ABS Brake Pump 0265251816,0265251816,2010,Alfa Romeo,MiTo,Petrol,Hatchback,,,1.4 (1368cm³)
2002 Alfa Romeo 156 Brake Vacuum Pump 961711056,961711056,2002,Alfa Romeo,156,Diesel,Saloon,,115,1.9 (1910cm³)
2006 Alfa Romeo 147 Exhaust Manifold 46791354,46791354,2006,Alfa Romeo,147,Diesel,Hatchback,,120,1.9 (1910cm³)
2004 Alfa Romeo 156 Steering Wheel Air SRS Bag 735289920,735289920,2004,Alfa Romeo,156,Diesel,Estate,103,140,2.4 (2387cm³)
2012 Alfa Romeo Giulietta Front Door Electric Window Regulator With Motor 505106490,505106490,2012,Alfa Romeo,Giulietta,Diesel,Hatchback,125,170,2.0 (1956cm³)
2006 Alfa Romeo 159 Engine Piston -,-,2006,Alfa Romeo,159,Diesel,Saloon,147,200,2.4 (2387cm³)
2001 Alfa Romeo 156 Front Door Window Regulator Motor 60672278,60672278,2001,Alfa Romeo,156,Petrol,Saloon,140,190,2.5 (2492cm³)
2012 Alfa Romeo Giulietta Rear Subframe 50518703,50518703,2012,Alfa Romeo,Giulietta,Diesel,Hatchback,125,170,2.0 (1956cm³)
2007 Alfa Romeo Brera Camshaft Pulley,,2007,Alfa Romeo,Brera,Diesel,Hatchback,154,210,2.4 (2387cm³)
2007 Alfa Romeo Brera 6 Speed Manual Gearbox F40,F40,2007,Alfa Romeo,Brera,Diesel,Hatchback,154,210,2.4 (2387cm³)
2012 Alfa Romeo Giulietta Rear Upper Control Arm Wishbone,,2012,Alfa Romeo,Giulietta,Diesel,Hatchback,125,170,2.0 (1956cm³)
2012 Alfa Romeo Giulietta Brake Vacuum Pump 55221325,55221325,2012,Alfa Romeo,Giulietta,Diesel,Hatchback,125,170,2.0 (1956cm³)
2011 Alfa Romeo Giulietta Windshield Washer Fluid Reservoir Tank,,2011,Alfa Romeo,Giulietta,Diesel,Hatchback,125,170,2.0 (1956cm³)
2005 Alfa Romeo 147 Ignition Coil 1227030071,1227030071,2005,Alfa Romeo,147,Petrol,Hatchback,121,165,2.0 (1970cm³)
2010 Alfa Romeo MiTo Tailgate Boot Lid,,2010,Alfa Romeo,MiTo,Diesel,Hatchback,,120,1.6 (1598cm³)
2011 Alfa Romeo Giulietta Front Bonnet Hood Hinge -,-,2011,Alfa Romeo,Giulietta,Diesel,Hatchback,125,170,2.0 (1956cm³)
2005 Alfa Romeo 159 EGR Valve,,2005,Alfa Romeo,159,Diesel,Saloon,147,200,2.4 (2387cm³)
1999 ALFA ROMEO Alfa Romeo 166 Front Bonnet Hood,,1999,Alfa Romeo,166,Petrol,Saloon,166,226,3.0 (2959cm³)
2011 Alfa Romeo Giulietta Rear Bumper Holder Mounting Bracket 50513485,50513485,2011,Alfa Romeo,Giulietta,Diesel,Hatchback,125,170,2.0 (1956cm³)
2007 Alfa Romeo 159 Dismantling cars 939A1.000,939A1.000,2007,Alfa Romeo,159,Diesel,Saloon,,120,1.9 (1910cm³)
2009 Alfa Romeo MiTo Wing Fender,,2009,Alfa Romeo,MiTo,Petrol,Hatchback,,,1.4 (1368cm³)
2001 Alfa Romeo Spider Front Bonnet Hood,,2001,Alfa Romeo,Spider,Petrol,Convertible,110,150,2.0 (1970cm³)
2010 Alfa Romeo MiTo Master Brake Cylinder 204254463,204254463,2010,Alfa Romeo,MiTo,Petrol,Hatchback,,,1.4 (1368cm³)
2011 Alfa Romeo Giulietta Rear Bumper Holder Mounting Bracket 50513487,50513487,2011,Alfa Romeo,Giulietta,Diesel,Hatchback,125,170,2.0 (1956cm³)
2007 Alfa Romeo 159 Roof Air SRS Bag 606945880,606945880,2007,Alfa Romeo,159,Diesel,Saloon,,115,1.9 (1910cm³)
2012 Alfa Romeo Giulietta Fuel Injection Rail 55215208,55215208,2012,Alfa Romeo,Giulietta,Diesel,Hatchback,125,170,2.0 (1956cm³)
2010 Alfa Romeo MiTo Front Brake Caliper,,2010,Alfa Romeo,MiTo,Diesel,Hatchback,,120,1.6 (1598cm³)
2007 Alfa Romeo 159 Crankshaft Pulley WGR21,WGR21,2007,Alfa Romeo,159,Diesel,Saloon,,120,1.9 (1910cm³)
2004 Alfa Romeo 156 Power Steering Pump 46763561,46763561,2004,Alfa Romeo,156,Petrol,Saloon,122,166,2.0 (1970cm³)
2007 Alfa Romeo 147 Dismantling cars 192B1.000,192B1.000,2007,Alfa Romeo,147,Diesel,Hatchback,100,136,1.9 (1910cm³)
2001 Alfa Romeo 156 Speedometer Instrument Cluster 61.6034.002.0,61.6034.002.0,2001,Alfa Romeo,156,Diesel,Saloon,110,150,1.9 (1910cm³)
1999 Alfa Romeo 166 Clutch Master Cylinder 1426442,1426442,1999,Alfa Romeo,166,Petrol,Saloon,166,226,3.0 (2959cm³)
2006 Alfa Romeo 147 Turbocharger 55191595,55191595,2006,Alfa Romeo,147,Diesel,Hatchback,,101,1.9 (1910cm³)
2006 Alfa Romeo 147 Turbocharger 55191596,55191596,2006,Alfa Romeo,147,Diesel,Hatchback,,120,1.9 (1910cm³)
1999 Alfa Romeo 166 Steering Wheel Column Trim Cover -,-,1999,Alfa Romeo,166,Petrol,Saloon,166,226,3.0 (2959cm³)
2011 Alfa Romeo Giulietta Engine Connecting Rod Conrod,,2011,Alfa Romeo,Giulietta,Diesel,Hatchback,125,170,2.0 (1956cm³)
2005 Alfa Romeo 147 5 Speed Manual Gearbox,,2005,Alfa Romeo,147,Petrol,Hatchback,110,150,2.0 (1970cm³)
2006 Alfa Romeo 159 Timing Belt Tensioner Pulley,,2006,Alfa Romeo,159,Diesel,Saloon,,120,1.9 (1910cm³)
2009 Alfa Romeo 159 ABS Brake Pump 51804856,51804856,2009,Alfa Romeo,159,Diesel,Saloon,147,200,2.4 (2387cm³)
2008 Alfa Romeo 159 Dismantling cars 939A2.000,939A2.000,2008,Alfa Romeo,159,Diesel,Saloon,110,150,1.9 (1910cm³)
2006 Alfa Romeo 159 Engine Piston With Connecting Rod,,2006,Alfa Romeo,159,Diesel,Saloon,,120,1.9 (1910cm³)
2003 Alfa Romeo 156 Dismantling cars 192B1.000,192B1.000,2003,Alfa Romeo,156,Diesel,Saloon,100,136,1.9 (1910cm³)
2007 Alfa Romeo 147 Complete Clutch Kit,,2007,Alfa Romeo,147,Diesel,Hatchback,110,150,1.9 (1910cm³)
2009 Alfa Romeo MiTo Front Driveshaft,,2009,Alfa Romeo,MiTo,Petrol,Hatchback,,,1.4 (1368cm³)
1999 Alfa Romeo 166 Air SRS Safety Bag Crash Impact Sensor 50525909,50525909,1999,Alfa Romeo,166,Petrol,Saloon,166,226,3.0 (2959cm³)
1999 Alfa Romeo 166 Rear Door Opening Interior Handle,,1999,Alfa Romeo,166,Petrol,Saloon,166,226,3.0 (2959cm³)
2012 Alfa Romeo Giulietta Front Windshield Wiper Motor 0390243050,0390243050,2012,Alfa Romeo,Giulietta,Diesel,Hatchback,125,170,2.0 (1956cm³)
2012 Alfa Romeo Giulietta Injection High Pressure Fuel Pump 55237688,55237688,2012,Alfa Romeo,Giulietta,Diesel,Hatchback,125,170,2.0 (1956cm³)
2012 Alfa Romeo Giulietta Starter Motor 51810267A,51810267A,2012,Alfa Romeo,Giulietta,Diesel,Hatchback,125,170,2.0 (1956cm³)
2007 Alfa Romeo Brera Engine Oil Sump Strainer Pipe,,2007,Alfa Romeo,Brera,Diesel,Hatchback,154,210,2.4 (2387cm³)
2005 Alfa Romeo 147 Engine Oil Sump Strainer Pipe 60653293,60653293,2005,Alfa Romeo,147,Petrol,Hatchback,110,150,2.0 (1970cm³)
2009 Alfa Romeo MiTo Wiper Indicator Headlight Stalk Switch + Squib Ring 86262000,86262000,2009,Alfa Romeo,MiTo,Petrol,Hatchback,,,1.4 (1368cm³)
2001 Alfa Romeo Spider Starter Motor 0001107066,0001107066,2001,Alfa Romeo,Spider,Petrol,Convertible,110,150,2.0 (1970cm³)
2012 Alfa Romeo Giulietta Front Bumper Shock Impact Absorber 51811229DX,51811229DX,2012,Alfa Romeo,Giulietta,Diesel,Hatchback,125,170,2.0 (1956cm³)
2004 Alfa Romeo 156 Steering Wheel Air SRS Bag 735289920,735289920,2004,Alfa Romeo,156,Diesel,Estate,103,140,2.4 (2387cm³)
2007 Alfa Romeo Brera Starter Motor 0001109268,0001109268,2007,Alfa Romeo,Brera,Diesel,Hatchback,154,210,2.4 (2387cm³)
2006 Alfa Romeo 159 Gear Selector Shifter In Gearbox 550506,550506,2006,Alfa Romeo,159,Diesel,Saloon,147,200,2.4 (2387cm³)
2009 Alfa Romeo MiTo Starter Motor 51832950,51832950,2009,Alfa Romeo,MiTo,Petrol,Hatchback,,,1.4 (1368cm³)
2004 Alfa Romeo 156 Power Steering Pump,,2004,Alfa Romeo,156,Diesel,Estate,120,163,2.4 (2387cm³)
2007 Alfa Romeo Brera Engine Camshaft,,2007,Alfa Romeo,Brera,Diesel,Hatchback,154,210,2.4 (2387cm³)
2006 Alfa Romeo 159 Dismantling cars 939A3.000,939A3.000,2006,Alfa Romeo,159,Diesel,Saloon,147,200,2.4 (2387cm³)
2008 Alfa Romeo 159 Rear Bumper Crash Bar Cross Member,,2008,Alfa Romeo,159,Diesel,Estate,110,150,1.9 (1910cm³)
2007 ALFA ROMEO Alfa Romeo Brera Tailgate Boot Lid,,2007,Alfa Romeo,Brera,Diesel,Hatchback,154,210,2.4 (2387cm³)
2010 Alfa Romeo MiTo Rear Brake Caliper,,2010,Alfa Romeo,MiTo,Diesel,Hatchback,,120,1.6 (1598cm³)
2010 Alfa Romeo MiTo Air SRS Bag Slip Squib SRS Ring 256239282,256239282,2010,Alfa Romeo,MiTo,Diesel,Hatchback,,120,1.6 (1598cm³)
2011 Alfa Romeo Giulietta Front Quarter Panel,,2011,Alfa Romeo,Giulietta,Diesel,Hatchback,125,170,2.0 (1956cm³)
2009 Alfa Romeo MiTo Steering Column Universal Joint,,2009,Alfa Romeo,MiTo,Petrol,Hatchback,,,1.4 (1368cm³)
2007 Alfa Romeo 159 Dismantling cars 939A1.000,939A1.000,2007,Alfa Romeo,159,Diesel,Saloon,,120,1.9 (1910cm³)
2009 Alfa Romeo MiTo Tailgate Gas Strut 50515442,50515442,2009,Alfa Romeo,MiTo,Petrol,Hatchback,,,1.4 (1368cm³)
2011 Alfa Romeo Giulietta Rear Bumper Holder Mounting Bracket 50513489,50513489,2011,Alfa Romeo,Giulietta,Diesel,Hatchback,125,170,2.0 (1956cm³)
1999 Alfa Romeo 166 Rear Door Electric Window Regulator With Motor 400445A,400445A,1999,Alfa Romeo,166,Petrol,Saloon,166,226,3.0 (2959cm³)
2010 Alfa Romeo MiTo Front Quarter Panel,,2010,Alfa Romeo,MiTo,Petrol,Hatchback,,,1.4 (1368cm³)
2005 Alfa Romeo 147 Power Steering Pump 46737907,46737907,2005,Alfa Romeo,147,Petrol,Hatchback,110,150,2.0 (1970cm³)
2010 Alfa Romeo MiTo Rear Brake Caliper,,2010,Alfa Romeo,MiTo,Diesel,Hatchback,,120,1.6 (1598cm³)
1999 Alfa Romeo 166 Fuel Tank Filler Cap Flap Lid Cover -,-,1999,Alfa Romeo,166,Petrol,Saloon,166,226,3.0 (2959cm³)
2001 Alfa Romeo 145 Wheel Center Cap Hub Trim Cover -,-,2001,Alfa Romeo,145,Petrol,Hatchback,110,150,2.0 (1970cm³)
2012 Alfa Romeo Giulietta Front Lower Control Arm Wishbone,,2012,Alfa Romeo,Giulietta,Diesel,Hatchback,125,170,2.0 (1956cm³)
2010 Alfa Romeo MiTo Steering Column Universal Joint,,2010,Alfa Romeo,MiTo,Diesel,Hatchback,,120,1.6 (1598cm³)
2010 Alfa Romeo MiTo Front Quarter Panel,,2010,Alfa Romeo,MiTo,Petrol,Hatchback,,,1.4 (1368cm³)
2011 Alfa Romeo Giulietta Radiator Cooling Fan Panel,,2011,Alfa Romeo,Giulietta,Diesel,Hatchback,125,170,2.0 (1956cm³)
2001 Alfa Romeo 145 Dismantling cars AR67204,AR67204,2001,Alfa Romeo,145,Petrol,Hatchback,110,150,2.0 (1970cm³)
2011 Alfa Romeo 159 Front Windshield Wiper Motor 0390241915,0390241915,2011,Alfa Romeo,159,Diesel,Saloon,,115,1.9 (1910cm³)
2006 Alfa Romeo 159 Brake Vacuum Pump 55188660,55188660,2006,Alfa Romeo,159,Diesel,Saloon,147,200,2.4 (2387cm³)
2012 Alfa Romeo Giulietta Crankshaft Pulley,,2012,Alfa Romeo,Giulietta,Diesel,Hatchback,125,170,2.0 (1956cm³)
2007 Alfa Romeo 159 Dismantling cars 939A2.000,939A2.000,2007,Alfa Romeo,159,Diesel,Saloon,110,150,1.9 (1910cm³)
2004 Alfa Romeo 156 Fuel Injection Rail 0445215008,0445215008,2004,Alfa Romeo,156,Diesel,Estate,120,163,2.4 (2387cm³)
2010 Alfa Romeo MiTo Knee Air SRS Bag 01560950350,01560950350,2010,Alfa Romeo,MiTo,Petrol,Hatchback,,,1.4 (1368cm³)
2005 Alfa Romeo 147 Camshaft Position Sensor 0261210227,0261210227,2005,Alfa Romeo,147,Petrol,Hatchback,110,150,2.0 (1970cm³)
2011 Alfa Romeo Giulietta Complete Clutch Kit,,2011,Alfa Romeo,Giulietta,Petrol,Hatchback,,116,1.4 (1368cm³)
2006 Alfa Romeo 156 Power Steering Pump 55183805,55183805,2006,Alfa Romeo,156,Diesel,Estate,110,150,1.9 (1910cm³)
2010 Alfa Romeo MiTo Tailgate Boot Lid,,2010,Alfa Romeo,MiTo,Petrol,Hatchback,,,1.4 (1368cm³)
2009 Alfa Romeo MiTo Tailgate Boot Lid,,2009,Alfa Romeo,MiTo,Petrol,Hatchback,,,1.4 (1368cm³)
2012 Alfa Romeo Giulietta Headlight Mounting Bracket 46625757,46625757,2012,Alfa Romeo,Giulietta,Diesel,Hatchback,125,170,2.0 (1956cm³)
2012 Alfa Romeo Giulietta Slam Panel Radiator Support,,2012,Alfa Romeo,Giulietta,Diesel,Hatchback,125,170,2.0 (1956cm³)
2012 Alfa Romeo Giulietta Headlight Dust Trim Cover 1300591185,1300591185,2012,Alfa Romeo,Giulietta,Diesel,Hatchback,125,170,2.0 (1956cm³)
2012 Alfa Romeo MiTo A/C Air Conditioning Compressor Pump 51935564,51935564,2012,Alfa Romeo,MiTo,Petrol,Hatchback,,,0.9 (875cm³)
2012 Alfa Romeo MiTo Air Intake Manifold 2299382,2299382,2012,Alfa Romeo,MiTo,Petrol,Hatchback,,,0.9 (875cm³)
2009 Alfa Romeo MiTo Roof Air SRS Bag 34050619C,34050619C,2009,Alfa Romeo,MiTo,Petrol,Hatchback,,,1.4 (1368cm³)
2009 Alfa Romeo MiTo Seat Air SRS Bag 1013057,1013057,2009,Alfa Romeo,MiTo,Petrol,Hatchback,,,1.4 (1368cm³)
2009 Alfa Romeo MiTo Other Switch Button 156078266,156078266,2009,Alfa Romeo,MiTo,Petrol,Hatchback,,,1.4 (1368cm³)
2009 Alfa Romeo MiTo Passenger Air SRS Bag 01560832700,01560832700,2009,Alfa Romeo,MiTo,Petrol,Hatchback,,,1.4 (1368cm³)
2012 Alfa Romeo MiTo Engine Oil Pump 55225386,55225386,2012,Alfa Romeo,MiTo,Petrol,Hatchback,,,0.9 (875cm³)
2009 Alfa Romeo MiTo Climate Control Module Unit 5G1140100,5G1140100,2009,Alfa Romeo,MiTo,Petrol,Hatchback,,,1.4 (1368cm³)
2010 Alfa Romeo MiTo Gear Selector Shifter In Gearbox 553468150,553468150,2010,Alfa Romeo,MiTo,Petrol,Hatchback,,,1.4 (1368cm³)
2009 Alfa Romeo MiTo Dashboard Display Screen 156087761,156087761,2009,Alfa Romeo,MiTo,Petrol,Hatchback,,,1.4 (1368cm³)
2004 Alfa Romeo 147 A/C Air Conditioning Compressor Pump 60653652,60653652,2004,Alfa Romeo,147,Diesel,Hatchback,110,150,1.9 (1910cm³)
2012 Alfa Romeo MiTo Ignition Coil 55234131,55234131,2012,Alfa Romeo,MiTo,Petrol,Hatchback,,,0.9 (875cm³)
2009 Alfa Romeo MiTo Interior Rear View Mirror Surround Trim Cover 735402728,735402728,2009,Alfa Romeo,MiTo,Petrol,Hatchback,,,1.4 (1368cm³)
2001 Alfa Romeo Spider Front Wheel Arch Liner Splash Guards 60583633,60583633,2001,Alfa Romeo,Spider,Petrol,Convertible,110,150,2.0 (1970cm³)
2001 Alfa Romeo Spider Front Wheel Arch Liner Splash Guards 60583632,60583632,2001,Alfa Romeo,Spider,Petrol,Convertible,110,150,2.0 (1970cm³)
2011 Alfa Romeo Giulietta Other Engine Part,,2011,Alfa Romeo,Giulietta,Diesel,Hatchback,125,170,2.0 (1956cm³)
2013 Alfa Romeo MiTo Other Relay 11130885E,11130885E,2013,Alfa Romeo,MiTo,Petrol,Hatchback,,105,1.4 (1368cm³)
2012 Alfa Romeo MiTo Engine Block 312A2000,312A2000,2012,Alfa Romeo,MiTo,Petrol,Hatchback,,,0.9 (875cm³)
2009 Alfa Romeo MiTo Speedometer Instrument Cluster 50508527,50508527,2009,Alfa Romeo,MiTo,Petrol,Hatchback,,,1.4 (1368cm³)
2012 Alfa Romeo MiTo Engine Piston With Connecting Rod,,2012,Alfa Romeo,MiTo,Petrol,Hatchback,,,0.9 (875cm³)
2009 Alfa Romeo MiTo Passenger Air SRS Bag 01560832700,01560832700,2009,Alfa Romeo,MiTo,Petrol,Hatchback,,,1.4 (1368cm³)
2004 Alfa Romeo 147 Dismantling cars 937A5.000,937A5.000,2004,Alfa Romeo,147,Diesel,Hatchback,110,150,1.9 (1910cm³)
2012 Alfa Romeo MiTo Timing Chain Rail 55225497,55225497,2012,Alfa Romeo,MiTo,Petrol,Hatchback,,,0.9 (875cm³)
2009 Alfa Romeo MiTo Roof Air SRS Bag 34050620C,34050620C,2009,Alfa Romeo,MiTo,Petrol,Hatchback,,,1.4 (1368cm³)
2009 Alfa Romeo MiTo Seat Air SRS Bag 1013056,1013056,2009,Alfa Romeo,MiTo,Petrol,Hatchback,,,1.4 (1368cm³)
2013 Alfa Romeo MiTo Dismantling cars 955A6.000,955A6.000,2013,Alfa Romeo,MiTo,Petrol,Hatchback,,105,1.4 (1368cm³)
2012 Alfa Romeo MiTo Engine Piston With Connecting Rod,,2012,Alfa Romeo,MiTo,Petrol,Hatchback,,,0.9 (875cm³)
2010 Alfa Romeo MiTo Interior Heater Blower Fan Motor 5D3430100,5D3430100,2010,Alfa Romeo,MiTo,Diesel,Hatchback,,120,1.6 (1598cm³)
2004 Alfa Romeo 156 Engine Water Coolant Pipe Hose,,2004,Alfa Romeo,156,Diesel,Saloon,110,150,1.9 (1910cm³)
2012 Alfa Romeo MiTo Other Engine Part,,2012,Alfa Romeo,MiTo,Petrol,Hatchback,,,0.9 (875cm³)
2012 Alfa Romeo MiTo Crankshaft Oil Seal Gasket 55224385,55224385,2012,Alfa Romeo,MiTo,Petrol,Hatchback,,,0.9 (875cm³)
2012 Alfa Romeo MiTo Brake Vacuum Pump 55226403,55226403,2012,Alfa Romeo,MiTo,Petrol,Hatchback,,,0.9 (875cm³)
2001 Alfa Romeo Spider Set Of Radiator Pack,,2001,Alfa Romeo,Spider,Petrol,Convertible,110,150,2.0 (1970cm³)
2012 Alfa Romeo MiTo Ignition Coil 55234131,55234131,2012,Alfa Romeo,MiTo,Petrol,Hatchback,,,0.9 (875cm³)
2012 Alfa Romeo MiTo Supercharger Boost Pressure Control Valve Solenoid 55228986,55228986,2012,Alfa Romeo,MiTo,Petrol,Hatchback,,,0.9 (875cm³)
2004 Alfa Romeo 156 Engine Water Coolant Pipe Hose,,2004,Alfa Romeo,156,Diesel,Saloon,110,150,1.9 (1910cm³)
2012 Alfa Romeo Giulietta In Tank Fuel Pump 51807842,51807842,2012,Alfa Romeo,Giulietta,Diesel,Hatchback,125,170,2.0 (1956cm³)
2004 Alfa Romeo 147 Dashboard Side Air Vent Grill 225495,225495,2004,Alfa Romeo,147,Petrol,Hatchback,110,150,2.0 (1970cm³)
2004 Alfa Romeo 147 Wheel Locking Secret Nuts Bolts 5901385,5901385,2004,Alfa Romeo,147,Petrol,Hatchback,110,150,2.0 (1970cm³)
2004 Alfa Romeo 147 Dismantling cars AR32310,AR32310,2004,Alfa Romeo,147,Petrol,Hatchback,110,150,2.0 (1970cm³)
2006 Alfa Romeo 147 Fuel Injection Rail 55187883,55187883,2006,Alfa Romeo,147,Diesel,Hatchback,,101,1.9 (1910cm³)
2006 Alfa Romeo 159 Dismantling cars 939A3.000,939A3.000,2006,Alfa Romeo,159,Diesel,Saloon,147,200,2.4 (2387cm³)
2008 Alfa Romeo 159 Knee Air SRS Bag 01560628000,01560628000,2008,Alfa Romeo,159,Diesel,Estate,110,150,1.9 (1910cm³)
2006 Alfa Romeo 147 Dismantling cars 182B9.000,182B9.000,2006,Alfa Romeo,147,Diesel,Hatchback,,101,1.9 (1910cm³)
2009 Alfa Romeo MiTo Front Door,,2009,Alfa Romeo,MiTo,Petrol,Hatchback,,,1.4 (1368cm³)
2012 Alfa Romeo MiTo Engine Crankshaft ENGINE 312A2.000,ENGINE 312A2.000,2012,Alfa Romeo,MiTo,Petrol,Hatchback,,,0.9 (875cm³)
2012 Alfa Romeo MiTo Timing Chain Cap Cover 55247810,55247810,2012,Alfa Romeo,MiTo,Petrol,Hatchback,,,0.9 (875cm³)
2009 Alfa Romeo MiTo Front Door,,2009,Alfa Romeo,MiTo,Petrol,Hatchback,,,1.4 (1368cm³)
1999 Alfa Romeo 166 Starter Motor 0001108159,0001108159,1999,Alfa Romeo,166,Petrol,Saloon,166,226,3.0 (2959cm³)
2010 Alfa Romeo MiTo Speedometer Instrument Cluster 50517149,50517149,2010,Alfa Romeo,MiTo,Petrol,Hatchback,,,1.4 (1368cm³)
2004 Alfa Romeo 147 Dismantling cars AR32310,AR32310,2004,Alfa Romeo,147,Petrol,Hatchback,110,150,2.0 (1970cm³)
2004 Alfa Romeo 147 Wheel Center Cap Hub Trim Cover -,-,2004,Alfa Romeo,147,Petrol,Hatchback,110,150,2.0 (1970cm³)
2012 Alfa Romeo Giulietta Dismantling cars 940A5.000,940A5.000,2012,Alfa Romeo,Giulietta,Diesel,Hatchback,103,140,2.0 (1956cm³)
2005 Alfa Romeo 147 Dismantling cars AR32310,AR32310,2005,Alfa Romeo,147,Petrol,Hatchback,110,150,2.0 (1970cm³)
2011 Alfa Romeo Giulietta Rear Coil Spring,,2011,Alfa Romeo,Giulietta,Diesel,Hatchback,125,170,2.0 (1956cm³)
2011 Alfa Romeo Giulietta Front Coil Spring,,2011,Alfa Romeo,Giulietta,Diesel,Hatchback,125,170,2.0 (1956cm³)
2010 Alfa Romeo MiTo Fuel Injection Rail 55215208,55215208,2010,Alfa Romeo,MiTo,Diesel,Hatchback,,120,1.6 (1598cm³)
2010 Alfa Romeo MiTo Injection High Pressure Fuel Pump 55209062,55209062,2010,Alfa Romeo,MiTo,Diesel,Hatchback,,120,1.6 (1598cm³)
2005 Alfa Romeo 147 Fuel Injector 0445110119,0445110119,2005,Alfa Romeo,147,Diesel,Hatchback,,115,1.9 (1910cm³)
2005 Alfa Romeo 147 Fuel Injector 0445110119,0445110119,2005,Alfa Romeo,147,Diesel,Hatchback,,115,1.9 (1910cm³)
2005 Alfa Romeo 147 Fuel Injector 0445110119,0445110119,2005,Alfa Romeo,147,Diesel,Hatchback,,115,1.9 (1910cm³)
2005 Alfa Romeo 159 Dismantling cars 939A3.000,939A3.000,2005,Alfa Romeo,159,Diesel,Saloon,147,200,2.4 (2387cm³)
2007 Alfa Romeo 147 Dismantling cars 937A5.000,937A5.000,2007,Alfa Romeo,147,Diesel,Hatchback,110,150,1.9 (1910cm³)
2005 Alfa Romeo 147 Dismantling cars 937A2.000,937A2.000,2005,Alfa Romeo,147,Diesel,Hatchback,,115,1.9 (1910cm³)
2007 Alfa Romeo Brera Engine Connecting Rod Conrod,,2007,Alfa Romeo,Brera,Diesel,Hatchback,154,210,2.4 (2387cm³)
2007 Alfa Romeo Brera Engine Connecting Rod Conrod,,2007,Alfa Romeo,Brera,Diesel,Hatchback,154,210,2.4 (2387cm³)
2007 Alfa Romeo Brera Engine Connecting Rod Conrod,,2007,Alfa Romeo,Brera,Diesel,Hatchback,154,210,2.4 (2387cm³)
2005 Alfa Romeo GT Engine Oil Pump 46816613,46816613,2005,Alfa Romeo,GT,Diesel,Coupe,110,150,1.9 (1910cm³)
2010 Alfa Romeo MiTo Air Intake Manifold 55214435,55214435,2010,Alfa Romeo,MiTo,Diesel,Hatchback,,120,1.6 (1598cm³)
2005 Alfa Romeo 147 Fuel Injector 0445110119,0445110119,2005,Alfa Romeo,147,Diesel,Hatchback,,115,1.9 (1910cm³)
2004 Alfa Romeo 147 5 Speed Manual Gearbox,,2004,Alfa Romeo,147,Petrol,Hatchback,110,150,2.0 (1970cm³)
2007 Alfa Romeo GT Front Driveshaft,,2007,Alfa Romeo,GT,Diesel,Coupe,110,150,1.9 (1910cm³)
2007 Alfa Romeo GT Front Seat Belt,,2007,Alfa Romeo,GT,Diesel,Coupe,110,150,1.9 (1910cm³)
2007 Alfa Romeo GT Front Seat Belt,,2007,Alfa Romeo,GT,Diesel,Coupe,110,150,1.9 (1910cm³)
2007 Alfa Romeo GT Front Bonnet Hood,,2007,Alfa Romeo,GT,Diesel,Coupe,110,150,1.9 (1910cm³)
2007 Alfa Romeo GT Slam Panel Radiator Support Upper Part,,2007,Alfa Romeo,GT,Diesel,Coupe,110,150,1.9 (1910cm³)
2007 Alfa Romeo GT Subwoofer Speaker 606833180,606833180,2007,Alfa Romeo,GT,Diesel,Coupe,110,150,1.9 (1910cm³)
2009 Alfa Romeo MiTo Bare Engine 199A6.000,199A6.000,2009,Alfa Romeo,MiTo,Petrol,Hatchback,,,1.4 (1368cm³)
2007 Alfa Romeo GT Set Of Radiator Pack 836000100,836000100,2007,Alfa Romeo,GT,Diesel,Coupe,110,150,1.9 (1910cm³)
2007 Alfa Romeo GT Intercooler Radiator 517159990,517159990,2007,Alfa Romeo,GT,Diesel,Coupe,110,150,1.9 (1910cm³)
2010 Alfa Romeo MiTo Bare Engine,,2010,Alfa Romeo,MiTo,Petrol,Hatchback,,,1.4 (1368cm³)
2010 Alfa Romeo MiTo 6 Speed Manual Gearbox,,2010,Alfa Romeo,MiTo,Petrol,Hatchback,,,1.4 (1368cm³)
2012 Alfa Romeo MiTo Tailgate Boot Lid,,2012,Alfa Romeo,MiTo,Petrol,Hatchback,,,0.9 (875cm³)
2007 Alfa Romeo GT Ignition Lock Barrel 46742880,46742880,2007,Alfa Romeo,GT,Diesel,Coupe,110,150,1.9 (1910cm³)
2012 Alfa Romeo MiTo Ignition Lock Barrel With Key Remote 61137402,61137402,2012,Alfa Romeo,MiTo,Petrol,Hatchback,,,0.9 (875cm³)
2012 Alfa Romeo MiTo Interior Heater Blower Fan Motor 164330100,164330100,2012,Alfa Romeo,MiTo,Petrol,Hatchback,,,0.9 (875cm³)
2012 Alfa Romeo MiTo Climate Control Module Unit 5G1140100,5G1140100,2012,Alfa Romeo,MiTo,Petrol,Hatchback,,,0.9 (875cm³)
2012 Alfa Romeo MiTo Accelerator Throttle Pedal 50520961,50520961,2012,Alfa Romeo,MiTo,Petrol,Hatchback,,,0.9 (875cm³)
2012 Alfa Romeo MiTo Front Door Lock --,--,2012,Alfa Romeo,MiTo,Petrol,Hatchback,,,0.9 (875cm³)
2012 Alfa Romeo MiTo Front Door Lock 50519060,50519060,2012,Alfa Romeo,MiTo,Petrol,Hatchback,,,0.9 (875cm³)
2012 Alfa Romeo MiTo Aerial Antenna Amplifier 50508506,50508506,2012,Alfa Romeo,MiTo,Petrol,Hatchback,,,0.9 (875cm³)
2012 Alfa Romeo MiTo Hazard Warning Light Switch --,--,2012,Alfa Romeo,MiTo,Petrol,Hatchback,,,0.9 (875cm³)
2011 Alfa Romeo Giulietta Gear Shift Paddle Switch Button 156091264,156091264,2011,Alfa Romeo,Giulietta,Diesel,Hatchback,125,170,2.0 (1956cm³)
2009 Alfa Romeo MiTo Air Intake Manifold 0280611,0280611,2009,Alfa Romeo,MiTo,Petrol,Hatchback,,,1.4 (1368cm³)
2009 Alfa Romeo MiTo Ignition Coil BAE403C,BAE403C,2009,Alfa Romeo,MiTo,Petrol,Hatchback,,,1.4 (1368cm³)
2009 Alfa Romeo MiTo Set Of Fuel Injectors 0280151218,0280151218,2009,Alfa Romeo,MiTo,Petrol,Hatchback,,,1.4 (1368cm³)
2007 Alfa Romeo GT Front Door Lock -,-,2007,Alfa Romeo,GT,Diesel,Coupe,110,150,1.9 (1910cm³)
2007 Alfa Romeo GT Rear Roof Reading Light 0881700,0881700,2007,Alfa Romeo,GT,Diesel,Coupe,110,150,1.9 (1910cm³)
2007 Alfa Romeo GT Fuse Relay Control Module Unit 51742420,51742420,2007,Alfa Romeo,GT,Diesel,Coupe,110,150,1.9 (1910cm³)
2007 Alfa Romeo GT Rear Third Brake STOP Light 0335800,0335800,2007,Alfa Romeo,GT,Diesel,Coupe,110,150,1.9 (1910cm³)
2007 Alfa Romeo GT Interior Heater Blower Motor Fan Resistor 52412557,52412557,2007,Alfa Romeo,GT,Diesel,Coupe,110,150,1.9 (1910cm³)
2007 Alfa Romeo GT Headlight Level Height Adjustment Switch Button 156070564,156070564,2007,Alfa Romeo,GT,Diesel,Coupe,110,150,1.9 (1910cm³)
2007 Alfa Romeo GT Accelerator Throttle Pedal 0280752228,0280752228,2007,Alfa Romeo,GT,Diesel,Coupe,110,150,1.9 (1910cm³)
2007 Alfa Romeo GT Radio Antenna 51789234,51789234,2007,Alfa Romeo,GT,Diesel,Coupe,110,150,1.9 (1910cm³)
2007 Alfa Romeo GT Sound Amplifier 470011,470011,2007,Alfa Romeo,GT,Diesel,Coupe,110,150,1.9 (1910cm³)
2012 Alfa Romeo MiTo Cruise Control Stalk Switch 28179466,28179466,2012,Alfa Romeo,MiTo,Petrol,Hatchback,,,0.9 (875cm³)
2007 Alfa Romeo GT Wiper Indicator Headlight Stalk Switch + Squib Ring 01560405760,01560405760,2007,Alfa Romeo,GT,Diesel,Coupe,110,150,1.9 (1910cm³)
2012 Alfa Romeo Giulietta Tailgate Boot Lid,,2012,Alfa Romeo,Giulietta,Diesel,Hatchback,103,140,2.0 (1956cm³)
2012 Alfa Romeo Giulietta Rear Inner Tailgate Light 50513401,50513401,2012,Alfa Romeo,Giulietta,Diesel,Hatchback,103,140,2.0 (1956cm³)
2012 Alfa Romeo Giulietta Rear Door,,2012,Alfa Romeo,Giulietta,Diesel,Hatchback,125,170,2.0 (1956cm³)
2012 Alfa Romeo MiTo Radiator Cooling Fan Panel 51908723,51908723,2012,Alfa Romeo,MiTo,Petrol,Hatchback,,,0.9 (875cm³)
2012 Alfa Romeo Giulietta Slam Panel Radiator Support,,2012,Alfa Romeo,Giulietta,Diesel,Hatchback,103,140,2.0 (1956cm³)
2012 Alfa Romeo Giulietta Rear Axle Beam 50518703,50518703,2012,Alfa Romeo,Giulietta,Diesel,Hatchback,125,170,2.0 (1956cm³)
2012 Alfa Romeo Giulietta Front Bonnet Hood,,2012,Alfa Romeo,Giulietta,Diesel,Hatchback,103,140,2.0 (1956cm³)
2012 Alfa Romeo Giulietta Semi Automatic Gearbox C635,C635,2012,Alfa Romeo,Giulietta,Diesel,Hatchback,125,170,2.0 (1956cm³)
2012 Alfa Romeo Giulietta Top Engine Cover 51859542,51859542,2012,Alfa Romeo,Giulietta,Diesel,Hatchback,103,140,2.0 (1956cm³)
2012 Alfa Romeo MiTo Tailgate Trunk Lid Spoiler 156088662,156088662,2012,Alfa Romeo,MiTo,Petrol,Hatchback,,,0.9 (875cm³)
2012 Alfa Romeo Giulietta Starter Motor 55585237,55585237,2012,Alfa Romeo,Giulietta,Diesel,Hatchback,125,170,2.0 (1956cm³)
2012 Alfa Romeo Giulietta Sill 18071338,18071338,2012,Alfa Romeo,Giulietta,Diesel,Hatchback,125,170,2.0 (1956cm³)
2012 Alfa Romeo Giulietta Sill 18071339,18071339,2012,Alfa Romeo,Giulietta,Diesel,Hatchback,125,170,2.0 (1956cm³)
2007 Alfa Romeo 159 6 Speed Manual Gearbox F40,F40,2007,Alfa Romeo,159,Diesel,Estate,154,210,2.4 (2387cm³)
2007 Alfa Romeo GT Front Bonnet Hood Hinge,,2007,Alfa Romeo,GT,Diesel,Coupe,110,150,1.9 (1910cm³)
2012 Alfa Romeo Giulietta Gearbox Control Module Unit 1564956-2,1564956-2,2012,Alfa Romeo,Giulietta,Diesel,Hatchback,125,170,2.0 (1956cm³)
2012 Alfa Romeo MiTo Spare Wheel Tool Kit 50508976,50508976,2012,Alfa Romeo,MiTo,Petrol,Hatchback,,,0.9 (875cm³)
2012 Alfa Romeo Giulietta Engine Wiring Loom Harness 55226747,55226747,2012,Alfa Romeo,Giulietta,Diesel,Hatchback,125,170,2.0 (1956cm³)
2007 Alfa Romeo 159 Engine Camshaft 939A9.000,939A9.000,2007,Alfa Romeo,159,Diesel,Estate,154,210,2.4 (2387cm³)
2008 Alfa Romeo 159 Injection High Pressure Fuel Pump 0055204600,0055204600,2008,Alfa Romeo,159,Diesel,Saloon,110,150,1.9 (1910cm³)
2001 Alfa Romeo 145 Wheel Center Cap Hub Trim Cover,,2001,Alfa Romeo,145,Petrol,Hatchback,110,150,2.0 (1970cm³)
2012 Alfa Romeo MiTo Front Subframe,,2012,Alfa Romeo,MiTo,Petrol,Hatchback,,,0.9 (875cm³)
2012 Alfa Romeo Giulietta Electric Window Control Switch Button 156094789,156094789,2012,Alfa Romeo,Giulietta,Diesel,Hatchback,103,140,2.0 (1956cm³)
2012 Alfa Romeo Giulietta Climate Control Module Unit 156099936,156099936,2012,Alfa Romeo,Giulietta,Diesel,Hatchback,103,140,2.0 (1956cm³)
2012 Alfa Romeo Giulietta Electric Window Control Switch Button F940259201,F940259201,2012,Alfa Romeo,Giulietta,Diesel,Hatchback,103,140,2.0 (1956cm³)
2006 Alfa Romeo 159 Complete Clutch Kit 281738EO,281738EO,2006,Alfa Romeo,159,Diesel,Saloon,,120,1.9 (1910cm³)
2012 Alfa Romeo Giulietta Passenger Air SRS Bag 00505085810,00505085810,2012,Alfa Romeo,Giulietta,Diesel,Hatchback,103,140,2.0 (1956cm³)
2007 Alfa Romeo 147 Alternator 46782213,46782213,2007,Alfa Romeo,147,Diesel,Hatchback,,120,1.9 (1910cm³)
2006 Alfa Romeo 159 EGR Valve 55215031,55215031,2006,Alfa Romeo,159,Diesel,Saloon,147,200,2.4 (2387cm³)
2007 Alfa Romeo 147 Bare Engine 937A3.000,937A3.000,2007,Alfa Romeo,147,Diesel,Hatchback,,120,1.9 (1910cm³)
2007 Alfa Romeo 159 Throttle Body 55200820,55200820,2007,Alfa Romeo,159,Diesel,Estate,154,210,2.4 (2387cm³)
2007 Alfa Romeo 159 Crankshaft Pulley 55187707,55187707,2007,Alfa Romeo,159,Diesel,Estate,154,210,2.4 (2387cm³)
2004 Alfa Romeo 156 Comfort Convenience Control Module Unit 60689226,60689226,2004,Alfa Romeo,156,Diesel,Saloon,110,150,1.9 (1910cm³)
2004 Alfa Romeo 156 Headlight Level Height Adjustment Switch Button 156031654,156031654,2004,Alfa Romeo,156,Petrol,Saloon,140,190,2.5 (2492cm³)
2007 Alfa Romeo 159 Engine Piston With Connecting Rod,,2007,Alfa Romeo,159,Diesel,Estate,154,210,2.4 (2387cm³)
2007 Alfa Romeo 159 Engine Piston With Connecting Rod,,2007,Alfa Romeo,159,Diesel,Estate,154,210,2.4 (2387cm³)
2007 Alfa Romeo 159 Engine Piston With Connecting Rod,,2007,Alfa Romeo,159,Diesel,Estate,154,210,2.4 (2387cm³)
2007 Alfa Romeo 159 Engine Piston With Connecting Rod,,2007,Alfa Romeo,159,Diesel,Estate,154,210,2.4 (2387cm³)
2005 Alfa Romeo 156 Engine Water Coolant Pipe Hose 83305,83305,2005,Alfa Romeo,156,Diesel,Saloon,103,140,1.9 (1910cm³)
2011 Alfa Romeo Giulietta Front Subframe,,2011,Alfa Romeo,Giulietta,Diesel,Hatchback,103,140,2.0 (1956cm³)
2011 Alfa Romeo Giulietta Slam Panel Radiator Support,,2011,Alfa Romeo,Giulietta,Diesel,Hatchback,103,140,2.0 (1956cm³)
2007 Alfa Romeo 159 Engine Water Coolant Pipe Hose QLEF2747FMA,QLEF2747FMA,2007,Alfa Romeo,159,Diesel,Estate,154,210,2.4 (2387cm³)
2012 Alfa Romeo Giulietta Wiper Indicator Headlight Stalk Switch + Squib Ring 86263050,86263050,2012,Alfa Romeo,Giulietta,Diesel,Hatchback,103,140,2.0 (1956cm³)
2012 Alfa Romeo Giulietta Steering Wheel Air SRS Bag D4112060146,D4112060146,2012,Alfa Romeo,Giulietta,Diesel,Hatchback,103,140,2.0 (1956cm³)
2012 Alfa Romeo MiTo Front Fog Light 00505085940,00505085940,2012,Alfa Romeo,MiTo,Petrol,Hatchback,,,0.9 (875cm³)
2011 Alfa Romeo Giulietta Ignition Lock Barrel With Key Remote 01098401,01098401,2011,Alfa Romeo,Giulietta,Diesel,Hatchback,103,140,2.0 (1956cm³)
2012 Alfa Romeo Giulietta A/C Air Conditioning Compressor Pump 50509535,50509535,2012,Alfa Romeo,Giulietta,Diesel,Hatchback,125,170,2.0 (1956cm³)
2011 Alfa Romeo Giulietta Rear Door Lock 50509886,50509886,2011,Alfa Romeo,Giulietta,Diesel,Hatchback,103,140,2.0 (1956cm³)
2011 Alfa Romeo Giulietta Fuse Relay Control Module Unit 51867697,51867697,2011,Alfa Romeo,Giulietta,Diesel,Hatchback,103,140,2.0 (1956cm³)
2011 Alfa Romeo Giulietta Accelerator Throttle Pedal 505212680,505212680,2011,Alfa Romeo,Giulietta,Petrol,Hatchback,125,170,1.4 (1368cm³)
2011 Alfa Romeo Giulietta Electric Window Control Switch Button F940259201PTS,F940259201PTS,2011,Alfa Romeo,Giulietta,Diesel,Hatchback,103,140,2.0 (1956cm³)
2011 Alfa Romeo Giulietta Radio Antenna,,2011,Alfa Romeo,Giulietta,Diesel,Hatchback,103,140,2.0 (1956cm³)
2011 Alfa Romeo Giulietta Headlight Level Height Adjustment Switch Button 156088384,156088384,2011,Alfa Romeo,Giulietta,Diesel,Hatchback,103,140,2.0 (1956cm³)
2010 Alfa Romeo MiTo Security Alarm Switch Button 156091436,156091436,2010,Alfa Romeo,MiTo,Petrol,Hatchback,,,1.4 (1368cm³)
2011 Alfa Romeo Giulietta Rear Seat Belt Buckle 34072770,34072770,2011,Alfa Romeo,Giulietta,Diesel,Hatchback,103,140,2.0 (1956cm³)
2011 Alfa Romeo Giulietta Rear Seat Belt Buckle 34072769,34072769,2011,Alfa Romeo,Giulietta,Diesel,Hatchback,103,140,2.0 (1956cm³)
2011 Alfa Romeo Giulietta Rear Seat Belt Buckle 34072771,34072771,2011,Alfa Romeo,Giulietta,Diesel,Hatchback,103,140,2.0 (1956cm³)
2011 Alfa Romeo Giulietta Front Seat Belt Buckle 34047727,34047727,2011,Alfa Romeo,Giulietta,Diesel,Hatchback,103,140,2.0 (1956cm³)
2011 Alfa Romeo Giulietta Front Seat Belt Buckle 34047726,34047726,2011,Alfa Romeo,Giulietta,Diesel,Hatchback,103,140,2.0 (1956cm³)
2011 Alfa Romeo Giulietta Front Door Window Regulator Motor 5000884,5000884,2011,Alfa Romeo,Giulietta,Diesel,Hatchback,103,140,2.0 (1956cm³)
2011 Alfa Romeo Giulietta Rear Door Electric Window Regulator 5000884,5000884,2011,Alfa Romeo,Giulietta,Diesel,Hatchback,103,140,2.0 (1956cm³)
2011 Alfa Romeo Giulietta Front Door Window Regulator Motor 5000884,5000884,2011,Alfa Romeo,Giulietta,Diesel,Hatchback,103,140,2.0 (1956cm³)
2011 Alfa Romeo Giulietta Front Door Speaker 518302300,518302300,2011,Alfa Romeo,Giulietta,Diesel,Hatchback,103,140,2.0 (1956cm³)
2011 Alfa Romeo Giulietta Rear Door Speaker 505084930,505084930,2011,Alfa Romeo,Giulietta,Diesel,Hatchback,103,140,2.0 (1956cm³)
2011 Alfa Romeo Giulietta Front Door Speaker 518302800,518302800,2011,Alfa Romeo,Giulietta,Diesel,Hatchback,103,140,2.0 (1956cm³)
2011 Alfa Romeo Giulietta Front Windshield Wiper Motor 0390243050,0390243050,2011,Alfa Romeo,Giulietta,Diesel,Hatchback,103,140,2.0 (1956cm³)
2011 Alfa Romeo Giulietta Rear Door Speaker 505084930,505084930,2011,Alfa Romeo,Giulietta,Diesel,Hatchback,103,140,2.0 (1956cm³)
2011 Alfa Romeo Giulietta Front Door Window Regulator Motor 5000884,5000884,2011,Alfa Romeo,Giulietta,Diesel,Hatchback,103,140,2.0 (1956cm³)
2011 Alfa Romeo Giulietta Rear Door Window Regulator Motor 5000884,5000884,2011,Alfa Romeo,Giulietta,Diesel,Hatchback,103,140,2.0 (1956cm³)
2010 Alfa Romeo MiTo Radiator Cooling Fan Panel 505086430,505086430,2010,Alfa Romeo,MiTo,Petrol,Hatchback,,,1.4 (1368cm³)
2012 Alfa Romeo MiTo Front Driveshaft,,2012,Alfa Romeo,MiTo,Diesel,Hatchback,,,1.2 (1248cm³)
2012 Alfa Romeo MiTo Front Driveshaft,,2012,Alfa Romeo,MiTo,Diesel,Hatchback,,,1.2 (1248cm³)
2012 Alfa Romeo Giulietta Front Roof Reading Light 1520400000,1520400000,2012,Alfa Romeo,Giulietta,Diesel,Hatchback,103,140,2.0 (1956cm³)
2012 Alfa Romeo MiTo 6 Speed Manual Gearbox 71773200,71773200,2012,Alfa Romeo,MiTo,Diesel,Hatchback,,,1.2 (1248cm³)
2012 Alfa Romeo MiTo Slam Panel Radiator Support,,2012,Alfa Romeo,MiTo,Diesel,Hatchback,,,1.2 (1248cm³)
2012 Alfa Romeo MiTo Rear Bumper Crash Bar Cross Member 50509382,50509382,2012,Alfa Romeo,MiTo,Diesel,Hatchback,,,1.2 (1248cm³)
2012 Alfa Romeo MiTo Steering Wheel Air SRS Bag D6113460173,D6113460173,2012,Alfa Romeo,MiTo,Diesel,Hatchback,,,1.2 (1248cm³)
2012 Alfa Romeo MiTo Wiper Indicator Headlight Stalk Switch + Squib Ring 28179466,28179466,2012,Alfa Romeo,MiTo,Diesel,Hatchback,,,1.2 (1248cm³)
2012 Alfa Romeo MiTo Multifunctional Steering Wheel Switch Button,,2012,Alfa Romeo,MiTo,Diesel,Hatchback,,,1.2 (1248cm³)
2012 Alfa Romeo MiTo Steering Wheel Column Adjustment Motor 50520388,50520388,2012,Alfa Romeo,MiTo,Diesel,Hatchback,,,1.2 (1248cm³)
2012 Alfa Romeo MiTo Front Door Lock 50519052,50519052,2012,Alfa Romeo,MiTo,Diesel,Hatchback,,,1.2 (1248cm³)
2012 Alfa Romeo MiTo Front Door Lock,,2012,Alfa Romeo,MiTo,Diesel,Hatchback,,,1.2 (1248cm³)
2012 Alfa Romeo MiTo Exhaust Gas Pressure Sensor 55241075,55241075,2012,Alfa Romeo,MiTo,Diesel,Hatchback,,,1.2 (1248cm³)
2012 Alfa Romeo MiTo Glow Plug Relay 55229840,55229840,2012,Alfa Romeo,MiTo,Diesel,Hatchback,,,1.2 (1248cm³)
2012 Alfa Romeo MiTo Interior Heater Blower Fan Motor 164330100,164330100,2012,Alfa Romeo,MiTo,Diesel,Hatchback,,,1.2 (1248cm³)
2012 Alfa Romeo MiTo ESP Acceleration Yaw Rate Sensor 51904961,51904961,2012,Alfa Romeo,MiTo,Diesel,Hatchback,,,1.2 (1248cm³)
2012 Alfa Romeo MiTo Other Control Module Unit 50520764,50520764,2012,Alfa Romeo,MiTo,Diesel,Hatchback,,,1.2 (1248cm³)
2012 Alfa Romeo MiTo Headlight Level Height Adjustment Switch Button B569,B569,2012,Alfa Romeo,MiTo,Diesel,Hatchback,,,1.2 (1248cm³)
2012 Alfa Romeo MiTo Radio Antenna 50520806,50520806,2012,Alfa Romeo,MiTo,Diesel,Hatchback,,,1.2 (1248cm³)
2012 Alfa Romeo MiTo Interior Rear View Mirror 156086344,156086344,2012,Alfa Romeo,MiTo,Diesel,Hatchback,,,1.2 (1248cm³)
2012 Alfa Romeo MiTo Model Emblem Badge,,2012,Alfa Romeo,MiTo,Diesel,Hatchback,,,1.2 (1248cm³)
2012 Alfa Romeo MiTo Climate Control Module Unit 5G1140100,5G1140100,2012,Alfa Romeo,MiTo,Diesel,Hatchback,,,1.2 (1248cm³)
2012 Alfa Romeo MiTo Knee Air SRS Bag 01560950350,01560950350,2012,Alfa Romeo,MiTo,Diesel,Hatchback,,,1.2 (1248cm³)
2012 Alfa Romeo MiTo Front Seat Belt 1560930170,1560930170,2012,Alfa Romeo,MiTo,Diesel,Hatchback,,,1.2 (1248cm³)
2012 Alfa Romeo MiTo Roof Air SRS Bag 00505189780,00505189780,2012,Alfa Romeo,MiTo,Diesel,Hatchback,,,1.2 (1248cm³)
2012 Alfa Romeo MiTo Front Seat Belt 1560930160,1560930160,2012,Alfa Romeo,MiTo,Diesel,Hatchback,,,1.2 (1248cm³)
2012 Alfa Romeo MiTo Rear Seat Belt 620165300,620165300,2012,Alfa Romeo,MiTo,Diesel,Hatchback,,,1.2 (1248cm³)
2011 Alfa Romeo Giulietta Front Wheel Bearing Hub With Shock Absorber,,2011,Alfa Romeo,Giulietta,Diesel,Hatchback,125,170,2.0 (1956cm³)
2011 Alfa Romeo Giulietta Bare Engine 940A5.000,940A5.000,2011,Alfa Romeo,Giulietta,Diesel,Hatchback,103,140,2.0 (1956cm³)
2012 Alfa Romeo MiTo Crankshaft Oil Seal Gasket 55224385,55224385,2012,Alfa Romeo,MiTo,Petrol,Hatchback,,,0.9 (875cm³)
2011 Alfa Romeo Giulietta Turbocharger 55233682,55233682,2011,Alfa Romeo,Giulietta,Diesel,Hatchback,103,140,2.0 (1956cm³)
2011 Alfa Romeo Giulietta A/C Air Conditioning Compressor Pump 50509535,50509535,2011,Alfa Romeo,Giulietta,Diesel,Hatchback,103,140,2.0 (1956cm³)
2011 Alfa Romeo Giulietta Oil Breather Separator 70349918,70349918,2011,Alfa Romeo,Giulietta,Diesel,Hatchback,103,140,2.0 (1956cm³)
2011 Alfa Romeo Giulietta Oil Level Dip Stick,,2011,Alfa Romeo,Giulietta,Diesel,Hatchback,103,140,2.0 (1956cm³)
2011 Alfa Romeo Giulietta Starter Motor 51810267,51810267,2011,Alfa Romeo,Giulietta,Diesel,Hatchback,103,140,2.0 (1956cm³)
2011 Alfa Romeo Giulietta Injection High Pressure Fuel Pump 55230112,55230112,2011,Alfa Romeo,Giulietta,Diesel,Hatchback,103,140,2.0 (1956cm³)
2011 Alfa Romeo Giulietta Rear Door Window Regulator Motor 1060735,1060735,2011,Alfa Romeo,Giulietta,Diesel,Hatchback,125,170,2.0 (1956cm³)
2008 Alfa Romeo 159 ABS Brake Pump 51800745,51800745,2008,Alfa Romeo,159,Diesel,Estate,110,150,1.9 (1910cm³)
2005 Alfa Romeo 156 Engine Control Module Unit 00467394350,00467394350,2005,Alfa Romeo,156,Petrol,Estate,103,140,1.7 (1747cm³)
2012 Alfa Romeo MiTo In Tank Fuel Pump 51802207,51802207,2012,Alfa Romeo,MiTo,Diesel,Hatchback,,,1.2 (1248cm³)
2005 Alfa Romeo 156 Fuel Injector 0445110111,0445110111,2005,Alfa Romeo,156,Diesel,Saloon,129,175,2.4 (2387cm³)
2005 Alfa Romeo 156 Fuel Injector 0445110111,0445110111,2005,Alfa Romeo,156,Diesel,Saloon,129,175,2.4 (2387cm³)
2005 Alfa Romeo 156 Fuel Injector 0445110111,0445110111,2005,Alfa Romeo,156,Diesel,Saloon,129,175,2.4 (2387cm³)
2006 Alfa Romeo 159 Brake Vacuum Pump -,-,2006,Alfa Romeo,159,Diesel,Saloon,147,200,2.4 (2387cm³)
2010 Alfa Romeo MiTo Steering Column Universal Joint -,-,2010,Alfa Romeo,MiTo,Petrol,Hatchback,,,1.4 (1368cm³)
2006 Alfa Romeo 159 Gear Selector Shifter In Gearbox F550506,F550506,2006,Alfa Romeo,159,Diesel,Saloon,147,200,2.4 (2387cm³)
2007 Alfa Romeo Brera Water Coolant Expansion Tank Reservoir,,2007,Alfa Romeo,Brera,Diesel,Hatchback,154,210,2.4 (2387cm³)
2009 Alfa Romeo MiTo Engine Crankshaft,,2009,Alfa Romeo,MiTo,Petrol,Hatchback,,,1.4 (1368cm³)
2016 Alfa Romeo Giulietta Water Coolant Thermostat Housing 05451805301,05451805301,2016,Alfa Romeo,Giulietta,Petrol,Hatchback,,116,1.4 (1368cm³)
2016 Alfa Romeo Giulietta Other Engine Part,,2016,Alfa Romeo,Giulietta,Petrol,Hatchback,,116,1.4 (1368cm³)
2016 Alfa Romeo Giulietta Camshaft Position Sensor 0232103097,0232103097,2016,Alfa Romeo,Giulietta,Petrol,Hatchback,,116,1.4 (1368cm³)
2016 Alfa Romeo Giulietta Camshaft Oil Seal Gasket,,2016,Alfa Romeo,Giulietta,Petrol,Hatchback,,116,1.4 (1368cm³)
2009 Alfa Romeo MiTo Camshaft Adjuster Regulator Pulley,,2009,Alfa Romeo,MiTo,Petrol,Hatchback,,,1.4 (1368cm³)
2009 Alfa Romeo MiTo Engine Head 55202285,55202285,2009,Alfa Romeo,MiTo,Petrol,Hatchback,,,1.4 (1368cm³)
2012 Alfa Romeo MiTo Knee Air SRS Bag 01561013740,01561013740,2012,Alfa Romeo,MiTo,Petrol,Hatchback,,,0.9 (875cm³)
2007 Alfa Romeo 159 A/C Air Conditioning Compressor Pump 60693331,60693331,2007,Alfa Romeo,159,Diesel,Saloon,,120,1.9 (1910cm³)
2011 Alfa Romeo Giulietta Engine Oil Pump 55210178,55210178,2011,Alfa Romeo,Giulietta,Diesel,Hatchback,125,170,2.0 (1956cm³)
2001 Alfa Romeo 156 Turbocharger Boost Pressure Control Valve Solenoid 46768250,46768250,2001,Alfa Romeo,156,Diesel,Saloon,,110,1.9 (1910cm³)
2008 Alfa Romeo 159 Central Body Control Module NPPL4GDX939,NPPL4GDX939,2008,Alfa Romeo,159,Diesel,Estate,110,150,1.9 (1910cm³)
2008 Alfa Romeo 159 Door Control Module Unit 60688447,60688447,2008,Alfa Romeo,159,Diesel,Estate,110,150,1.9 (1910cm³)
2008 Alfa Romeo 159 Speedometer Instrument Cluster 60696628,60696628,2008,Alfa Romeo,159,Diesel,Estate,110,150,1.9 (1910cm³)
2008 Alfa Romeo 159 Door Control Module Unit 50510088,50510088,2008,Alfa Romeo,159,Diesel,Estate,110,150,1.9 (1910cm³)
2007 Alfa Romeo 147 Air SRS Bag Control Module Unit 41070517C,41070517C,2007,Alfa Romeo,147,Diesel,Hatchback,,120,1.9 (1910cm³)
2007 Alfa Romeo 147 Multifunctional Steering Wheel Switch Button C063 46210,C063 46210,2007,Alfa Romeo,147,Diesel,Hatchback,,120,1.9 (1910cm³)
2007 Alfa Romeo 147 Hazard Warning Light Switch 735266925,735266925,2007,Alfa Romeo,147,Diesel,Hatchback,,120,1.9 (1910cm³)
2012 Alfa Romeo Giulietta Fuse Relay Control Module Unit 51867698,51867698,2012,Alfa Romeo,Giulietta,Diesel,Hatchback,125,170,2.0 (1956cm³)
2007 Alfa Romeo 159 Fuel Injector 0445110308,0445110308,2007,Alfa Romeo,159,Diesel,Estate,154,210,2.4 (2387cm³)
2007 Alfa Romeo 159 Fuel Injector 0445110308,0445110308,2007,Alfa Romeo,159,Diesel,Estate,154,210,2.4 (2387cm³)
2007 Alfa Romeo 159 Fuel Injector 0445110308,0445110308,2007,Alfa Romeo,159,Diesel,Estate,154,210,2.4 (2387cm³)
2007 Alfa Romeo 159 Fuel Injector 0445110308,0445110308,2007,Alfa Romeo,159,Diesel,Estate,154,210,2.4 (2387cm³)
2007 Alfa Romeo 159 Fuel Injector 0445110308,0445110308,2007,Alfa Romeo,159,Diesel,Estate,154,210,2.4 (2387cm³)
2011 Alfa Romeo Giulietta Air Intake Manifold 55231271,55231271,2011,Alfa Romeo,Giulietta,Diesel,Hatchback,103,140,2.0 (1956cm³)
2012 Alfa Romeo MiTo ABS Brake Pump 51913829,51913829,2012,Alfa Romeo,MiTo,Diesel,Hatchback,,,1.2 (1248cm³)
2011 Alfa Romeo Giulietta Speedometer Instrument Cluster 50516479,50516479,2011,Alfa Romeo,Giulietta,Diesel,Hatchback,125,170,2.0 (1956cm³)
2012 Alfa Romeo MiTo Ignition Lock Barrel With Key Remote 61137401,61137401,2012,Alfa Romeo,MiTo,Diesel,Hatchback,,,1.2 (1248cm³)
2007 Alfa Romeo 159 Alternator 50500728,50500728,2007,Alfa Romeo,159,Diesel,Estate,154,210,2.4 (2387cm³)
2007 Alfa Romeo 159 Fuel Injector 0445110243,0445110243,2007,Alfa Romeo,159,Diesel,Estate,110,150,1.9 (1910cm³)
2007 Alfa Romeo 159 Fuel Injector 0445110243,0445110243,2007,Alfa Romeo,159,Diesel,Estate,110,150,1.9 (1910cm³)
2006 Alfa Romeo 159 EGR Valve -,-,2006,Alfa Romeo,159,Diesel,Saloon,147,200,2.4 (2387cm³)
2011 Alfa Romeo Giulietta Exhaust Manifold 55229729,55229729,2011,Alfa Romeo,Giulietta,Diesel,Hatchback,103,140,2.0 (1956cm³)
2010 Alfa Romeo MiTo Speedometer Instrument Cluster 50517155,50517155,2010,Alfa Romeo,MiTo,Diesel,Hatchback,,120,1.6 (1598cm³)
2012 Alfa Romeo Giulietta ABS Brake Pump 00051913822,00051913822,2012,Alfa Romeo,Giulietta,Diesel,Hatchback,125,170,2.0 (1956cm³)
2011 Alfa Romeo Giulietta Oil Filter Housing Mounting Bracket 55235481,55235481,2011,Alfa Romeo,Giulietta,Diesel,Hatchback,103,140,2.0 (1956cm³)
2012 Alfa Romeo MiTo Front Seat Belt 621360100,621360100,2012,Alfa Romeo,MiTo,Diesel,Hatchback,,,1.2 (1248cm³)
2012 Alfa Romeo Giulietta Engine Control Module Unit 51903003,51903003,2012,Alfa Romeo,Giulietta,Diesel,Hatchback,103,140,2.0 (1956cm³)
2011 Alfa Romeo Giulietta Engine Control Module Unit 51906715,51906715,2011,Alfa Romeo,Giulietta,Diesel,Hatchback,103,140,2.0 (1956cm³)
2007 Alfa Romeo GT Engine Control Module Unit 51806561,51806561,2007,Alfa Romeo,GT,Diesel,Coupe,110,150,1.9 (1910cm³)
2010 FPT Alfa Romeo MiTo Engine Control Module Unit 51830585P,51830585P,2010,Alfa Romeo,MiTo,Petrol,Hatchback,,,1.4 (1368cm³)
2009 Alfa Romeo MiTo Front Roof Reading Light 735244963,735244963,2009,Alfa Romeo,MiTo,Petrol,Hatchback,,,1.4 (1368cm³)
